Fornecedor,ContaContabil,UniMedida,QtdReceber,QtdComprada,ValorReceber,ValorComprado,Recuperadas
0,1,0,0,8,0.0,67189.36,1
0,1,1,0,24,0.0,126877.92,1
1,0,2,0,6000,0.0,545.4,0
2,1,0,0,900,0.0,1611.0,1
3,1,3,0,5640,0.0,201630.0,1
4,1,1,0,15,0.0,552622.5,0
4,1,3,0,360,0.0,111848.4,0
5,3,3,0,270,0.0,639.9,0
6,1,3,0,140,0.0,89500.6,1
4,1,1,0,6,0.0,221049.0,1
1,1,4,0,72,0.0,40209.12,0
2,1,3,0,360,0.0,18849.6,0
3,1,1,0,10,0.0,368415.0,1
3,1,3,0,780,0.0,27885.0,0
3,1,5,0,960,0.0,67845216,1
3,1,1,0,1,0.0,36841.5,1
3,1,5,0,280,0.0,53057.2,0
3,1,8,0,180,0.0,540.0,0
3,1,3,0,360,0.0,111848.4,0
3,3,5,0,380,0.0,1622.6,0
4,1,0,0,48,0.0,239712.96,1
5,1,5,180,180,3790.8,3790.8,0
6,1,3,0,300,0.0,441.0,0
7,0,6,0,15000,0.0,15000.0,0
8,1,0,0,180,0.0,995.4,1
4,3,5,0,180,0.0,1020.6,0
1,3,3,0,12600,0.0,29484.0,0
9,3,3,0,1440,0.0,720.0,1
10,0,6,0,28800,0.0,7056.0,0
10,0,2,0,72000,0.0,6840.0,0
11,6,7,0,180,0.0,12475.8,1
12,0,6,0,28800,0.0,5760.0,1
12,0,6,0,200,0.0,48.0,1
10,0,6,0,200,0.0,48.0,0
3,0,6,0,12000,0.0,5880.0,0
3,0,6,0,220800,0.0,52484.16,1
1,1,1,0,48,0.0,56929.44,1
13,1,3,0,540,0.0,13500.0,0
8,1,0,0,18,0.0,20510.46,1
0,1,0,0,8,0.0,67189.36,0
0,1,1,0,1,0.0,5286.58,0
0,1,3,0,540,0.0,74644.2,0
2,1,1,7,7,76157.34,76157.34,0
2,1,1,0,7,0.0,76157.34,1
1,1,1,0,2,0.0,19111.64,1
7,2,0,1,1,21000.0,21000.0,0
3,1,1,0,100,0.0,14000.0,1
3,0,2,0,63000,0.0,1890.0,1
14,1,4,600,1080,11322.0,20379.6,1
14,1,0,0,1260,0.0,2091.6,1
4,1,3,0,910,0.0,37209.9,1
4,1,1,0,60,0.0,96683.4,1
4,1,3,0,1080,0.0,14072.4,0
0,1,1,0,12,0.0,101502.24,1
0,1,1,0,24,0.0,126877.92,0
0,1,1,0,6,0.0,50751.12,1
2,1,5,0,360,0.0,72367.2,1
10,0,6,0,24000,0.0,3600.0,0
3,1,3,0,20,0.0,4.2,1
3,1,3,0,90,0.0,104.4,0
3,1,5,0,400,0.0,868.0,0
3,1,3,0,56,0.0,118.72,0
3,3,3,0,440,0.0,66.0,0
3,3,3,0,60,0.0,97.2,0
3,3,3,0,180,0.0,32.4,0
3,3,5,0,30,0.0,66.6,0
3,3,5,0,90,0.0,38.7,0
3,0,6,0,24000,0.0,1440.0,0
3,0,6,0,2400,0.0,1008.0,1
10,0,6,0,36000,0.0,5400.0,1
10,0,6,0,8100,0.0,324.0,0
10,0,6,0,24000,0.0,5880.0,1
10,0,6,0,48000,0.0,4080.0,0
8,1,3,0,180,0.0,709.2,1
8,3,0,0,600,0.0,2538.0,0
8,1,3,0,1800,0.0,1080.0,0
3,1,1,0,2,0.0,4564.0,1
3,1,1,0,4,0.0,4699.6,0
8,1,1,30,30,4775.1,4775.1,1
8,1,1,0,30,0.0,4775.1,1
8,1,3,12,180,64.8,972.0,1
4,1,15,0,20,0.0,3669.0,1
4,1,16,0,16,0.0,4083.84,0
15,0,6,0,9600,0.0,960.0,0
16,3,3,0,180,0.0,168.12,0
1,1,4,0,6,0.0,2730.84,0
1,1,4,4,4,4661.4,4661.4,0
1,1,17,0,4,0.0,4661.4,0
1,3,9,0,60,0.0,4870.2,0
17,0,6,0,5760,0.0,1612.8,0
18,3,3,5700,5700,5130.0,5130.0,0
19,2,0,0,1500,0.0,1050.0,1
20,2,0,0,1620,0.0,1603.8,0
4,3,8,0,540,0.0,6658.2,1
1,1,0,0,18,0.0,43357.86,1
1,1,0,18,18,43357.86,43357.86,0
1,1,4,50,50,57786.5,57786.5,0
1,1,17,0,50,0.0,57786.5,1
4,1,0,0,392,0.0,1121.12,1
4,1,3,0,308,0.0,588.28,1
2,1,0,196,196,329.28,329.28,1
2,1,0,0,196,0.0,329.28,0
8,1,8,360,360,6033.6,6033.6,0
8,1,8,0,360,0.0,6033.6,1
8,1,3,0,2400,0.0,1560.0,1
8,1,0,9000,9000,12150.0,12150.0,0
8,1,0,12,9000,16.2,12150.0,1
21,3,3,180,180,910.8,910.8,0
21,3,3,0,180,0.0,910.8,0
15,0,6,0,9600,0.0,888.0,1
9,1,0,24,360,72.0,1080.0,0
1,1,0,180,180,90617.4,90617.4,1
3,1,1,0,8,0.0,34356.8,1
10,0,6,0,24000,0.0,5880.0,1
3,0,6,0,1400,0.0,266.0,1
20,2,0,0,4,0.0,3.96,1
22,1,3,0,600,0.0,600.0,0
22,3,3,0,224,0.0,1113.28,0
1,3,3,0,600,0.0,1596.0,1
23,1,1,0,5,0.0,3890.2,0
22,1,0,0,120,0.0,12458.4,0
12,0,6,0,15000,0.0,34050.0,0
12,0,6,283200,283200,25488.0,25488.0,0
10,0,6,0,250,0.0,582.5,0
21,3,3,0,2100,0.0,588.0,1
21,1,16,0,12,0.0,122.88,1
21,1,3,0,540,0.0,1701.0,1
8,3,3,0,5100,0.0,2907.0,0
2,1,3,360,360,18849.6,18849.6,0
3,0,6,0,16000,0.0,7840.0,1
7,2,0,0,2800,0.0,4557.84,0
7,0,2,0,1506000,0.0,32077.8,1
24,1,5,0,1344,0.0,72979.2,1
5,1,1,0,6,0.0,14352.6,1
10,0,6,0,16800,0.0,2520.0,1
19,5,0,0,1080,0.0,950.4,1
1,1,5,0,90,0.0,802.8,0
1,1,5,0,90,0.0,802.8,1
3,1,1,0,2,0.0,8589.2,1
12,0,2,0,223200,0.0,31248.0,1
12,0,2,0,192000,0.0,2880.0,0
21,3,3,0,1200,0.0,864.0,1
21,3,3,0,360,0.0,140.4,0
6,1,0,0,720,0.0,1216.8,1
21,1,3,0,540,0.0,10216.8,0
10,0,6,0,74400,0.0,18228.0,0
8,1,5,0,720,0.0,51055.2,0
5,0,2,0,30000,0.0,2700.0,0
5,1,3,0,100,0.0,24.0,1
5,1,3,0,30,0.0,24.9,0
5,1,1,0,2,0.0,636.6,0
3,1,3,0,200,0.0,122.12,0
3,1,3,0,100,0.0,124.91,1
3,3,3,0,30,0.0,8.4,1
3,0,2,0,6600,0.0,396.0,0
5,1,1,0,12,0.0,51535.2,1
5,1,1,0,2,0.0,8589.2,0
22,1,0,0,15,0.0,61524.3,0
25,1,3,40,1440,100.0,3600.0,0
10,0,6,0,9600,0.0,2352.0,1
22,1,0,0,196,0.0,472.36,0
0,1,0,0,8,0.0,67189.36,1
26,1,3,180,180,56633256,56633256,0
3,1,1,0,2,0.0,4564.0,0
4,1,1,0,30,0.0,99947.4,1
5,0,2,0,12000,0.0,360.0,0
5,1,1,0,2,0.0,22617.8372,0
3,2,0,0,190,0.0,153.9,0
3,1,1,0,6,0.0,3124.32,1
3,1,1,0,2,0.0,22617.84,1
3,1,1,0,4,0.0,8782.64,1
3,1,5,0,180,0.0,437.4,0
3,1,5,0,100,0.0,294.0,0
3,1,1,0,9,0.0,2864.7,1
3,1,18,0,65,0.0,2267.85,1
3,1,3,0,90,0.0,218.7,0
3,1,3,0,360,0.0,22384.8,0
3,1,5,0,28,0.0,5400.64,1
3,1,3,0,100,0.0,47.0,0
3,1,3,0,60,0.0,8293.8,0
3,1,3,0,84,0.0,193.2,1
3,3,3,0,90,0.0,1093.5,1
3,3,3,0,160,0.0,38.4,0
3,3,5,0,90,0.0,5.4,0
3,3,3,0,60,0.0,172.8,1
3,3,5,0,90,0.0,199.8,0
3,3,3,0,90,0.0,99.0,1
3,1,0,0,50,0.0,1420.5,0
3,1,3,0,60,0.0,36.6,1
3,1,0,0,62,0.0,106.64,1
3,1,1,0,2,0.0,631.06,1
3,3,3,0,320,0.0,368.0,0
3,3,3,0,60,0.0,172.8,1
3,0,6,0,24000,0.0,1440.0,0
3,7,3,0,42,0.0,7.56,0
3,1,1,0,5,0.0,8071.55,0
3,1,1,0,13,0.0,151055.19,0
3,1,16,0,15,0.0,31466.4,1
27,1,1,0,17,0.0,228790.76,1
1,1,3,0,8,0.0,4.64,0
28,1,0,0,3,0.0,5011.23,1
29,4,0,0,1,0.0,1301.65,1
0,1,3,15,315,2750.85,57767.85,0
0,1,3,15,945,2750.85,173303.55,0
1,1,5,0,90,0.0,792.9,0
1,1,0,0,540,0.0,275167.8,0
15,0,6,0,60000,0.0,5100.0,0
15,0,6,0,12000,0.0,960.0,1
22,1,0,0,30,0.0,154815.9,0
4,1,3,0,180,0.0,590.4,0
6,1,5,0,180,0.0,383.4,1
13,3,3,0,180,0.0,4330.8,0
13,3,3,0,180,0.0,2887.2,0
4,1,5,2200,2200,4468.42,4468.42,1
5,1,3,0,210,0.0,7104.3,1
5,1,0,0,14,0.0,3262.0,0
5,1,3,0,210,0.0,10443.3,1
5,1,3,0,182,0.0,342.16,0
5,1,19,0,3,0.0,5011.23,0
5,3,0,0,224,0.0,4536.0,1
5,3,8,0,60,0.0,511.2,1
5,0,2,0,15750,0.0,3150.0,0
6,1,5,0,180,0.0,376.2,1
10,0,6,0,1800,0.0,378.0,1
30,4,0,0,12,0.0,4198.8,1
4,3,8,0,1200,0.0,12696.0,0
4,3,9,0,2400,0.0,29592.0,1
31,3,3,0,360,0.0,18849.6,0
32,1,4,0,190,0.0,474333.1,1
33,1,0,0,3000,0.0,201660.0,1
1,1,20,0,9000,0.0,773910.0,0
0,1,3,0,1456,0.0,160902.56,1
13,3,3,0,1620,0.0,19828.8,0
13,3,3,0,4800,0.0,1056.0,0
8,1,3,0,360,0.0,993.6,0
22,1,5,0,720,0.0,51055.2,0
3,1,3,0,120,0.0,50.4,0
3,1,3,0,160,0.0,8.0,0
3,1,1,0,12,0.0,3786.36,0
3,1,3,0,30,0.0,14.1,0
3,1,3,0,60,0.0,9.0,1
3,1,3,0,120,0.0,621.6,0
3,1,3,0,140,0.0,390.6,1
3,1,3,0,90,0.0,142.2,1
3,1,1,0,3,0.0,12485.55,1
3,1,3,0,30,0.0,21.6,1
3,3,3,0,180,0.0,142.2,0
3,3,16,0,18,0.0,117.0,1
3,0,6,0,19200,0.0,2304.0,0
33,1,1,37,37,494181.99,494181.99,0
15,0,6,0,12000,0.0,1110.0,1
15,0,6,0,19200,0.0,1680.0,0
10,0,6,0,57600,0.0,25920.0,1
34,4,0,0,1,0.0,1650.0,1
17,0,6,0,6000,0.0,120.0,1
3,0,6,0,1200,0.0,144.0,0
10,0,6,0,43200,0.0,9072.0,0
10,0,6,0,25200,0.0,27720.0,1
4,1,3,0,360,0.0,111848.4,0
0,1,1,0,27,0.0,142737.66,1
0,1,1,0,66,0.0,68593.8,0
10,0,6,0,19200,0.0,9408.0,1
35,2,0,0,34500,0.0,10350.0,1
7,2,0,0,7000,0.0,73220.0,0
2,3,3,0,600,0.0,168.0,1
3,2,0,0,180,0.0,270.0,0
3,1,1,0,10,0.0,170.6,1
3,1,8,0,60,0.0,1005.6,1
3,1,1,0,5,0.0,600.0,1
3,1,1,0,5,0.0,20809.25,1
3,3,16,0,10,0.0,63.9,0
6,1,3,0,360,0.0,205.2,0
6,1,3,0,600,0.0,282.0,1
6,1,3,0,360,0.0,496.8,0
6,3,3,0,2106,0.0,2232.36,1
36,1,3,0,5700,0.0,3648.0,0
4,1,18,0,540,0.0,24040.8,1
13,1,3,0,180,0.0,7380.0,1
8,3,9,0,120,0.0,9740.4,0
8,1,0,0,1200,0.0,6636.0,0
8,3,5,0,196,0.0,1438.64,1
3,7,3,0,28,0.0,5.04,1
3,2,16,0,6,0.0,105.0,1
3,1,3,0,40,0.0,8.4,0
3,1,3,0,130,0.0,247.0,0
3,1,3,0,270,0.0,62.1,1
3,1,3,0,30,0.0,33.6,1
3,1,3,0,120,0.0,52.8,0
3,1,4,0,60,0.0,487.2,1
3,1,4,0,240,0.0,10476.0,0
3,1,3,0,210,0.0,1087.8,1
3,3,3,0,80,0.0,19.2,1
3,3,3,0,180,0.0,207.0,0
3,3,3,0,180,0.0,1321.2,0
3,3,3,0,28,0.0,19.04,0
3,3,3,0,50,0.0,29.0,0
3,3,16,0,6,0.0,38.34,1
6,3,3,2520,2520,3250.8,3250.8,0
3,1,1,0,523,0.0,5230.0,1
22,1,0,0,10,0.0,51605.3,0
1,1,10,0,180,0.0,810.0,0
4,1,3,0,616,0.0,1478.4,0
37,1,5,0,720,0.0,229125.6,0
38,2,11,0,50,0.0,500.0,1
38,2,12,0,18000,0.0,9000.0,0
7,0,6,0,27600,0.0,26634.0,1
39,2,0,0,12000,0.0,2448.0,0
40,2,15,0,80,0.0,3120.0,1
41,2,0,0,12000,0.0,8880.0,0
3,1,3,0,60,0.0,32.4,1
3,1,3,0,60,0.0,39.0,0
3,1,22,0,2,0.0,60.04,0
3,1,3,0,84,0.0,14945.28,1
3,1,3,0,84,0.0,8.4,1
1,1,16,0,50,0.0,4380.5,1
42,3,3,0,3300,0.0,891.0,0
22,1,0,0,80,0.0,412842.4,0
0,2,0,0,1,0.0,13800.0,0
0,2,0,0,6,0.0,3990.0,0
0,2,0,0,6,0.0,2640.0,0
0,2,0,0,12,0.0,1258.8,1
0,2,0,0,3,0.0,1380.0,0
0,2,0,0,3,0.0,555.0,1
0,2,0,0,1,0.0,132.0,1
0,2,0,0,1,0.0,190.0,1
0,2,0,0,48,0.0,5275.2,1
43,1,0,0,3600,0.0,6984.0,0
13,3,5,0,10800,0.0,24948.0,0
22,1,3,0,25020,0.0,220926.6,0
44,1,16,0,300,0.0,5697.0,1
4,1,1,0,24,0.0,875893.2,1
1,1,13,0,100,0.0,65711.0,0
45,1,5,0,336,0.0,40716.48,1
46,1,3,0,4500,0.0,235620.0,0
1,1,17,0,60,0.0,69343.8,0
13,1,0,0,2000,0.0,207620.0,0
1,1,1,0,270,0.0,540000.0,1
37,1,5,0,7920,0.0,561607.2,1
1,1,16,140,140,4818.8,4818.8,1
1,1,0,924,924,5488.56,5488.56,0
37,1,1,0,2,0.0,19111.64,1
25,1,14,4,900,40.16,9036.0,1
27,1,3,0,168,0.0,87736.32,1
1,1,17,0,30,0.0,28213.2,1
27,1,3,0,270,0.0,70002.9,0
1,1,4,0,300,0.0,197133.0,1
3,0,6,0,6000,0.0,540.0,1
3,0,6,0,9600,0.0,864.0,0
8,1,10,0,7000,0.0,38710.0,1
8,3,3,0,9000,0.0,16830.0,1
8,1,0,150,150,22240.5,22240.5,0
0,1,1,0,27,0.0,142737.66,1
0,1,1,0,27,0.0,142737.66,1
47,1,10,0,1620,0.0,143807.4,0
47,1,10,0,1260,0.0,111850.2,0
8,1,0,0,608,0.0,2018.56,0
8,3,0,0,2700,0.0,26946.0,0
0,1,0,0,12,0.0,100784.04,1
0,1,1,0,13,0.0,121728.23,1
8,1,1,0,240,0.0,128277.6,0
8,1,1,0,54,0.0,96209.1,0
10,2,0,0,900,0.0,9990.0,0
48,2,0,0,1,0.0,78000.0,0
10,0,6,0,309600,0.0,139939.2,0
10,0,6,0,55200,0.0,8280.0,1
46,1,0,0,18,0.0,230702.22,1
49,3,0,0,180,0.0,1270.8,1
4,1,17,0,10,0.0,25549.3,0
22,1,5,0,240,0.0,2140.8,0
13,1,3,0,600,0.0,6000.0,1
13,3,3,0,27120,0.0,20068.8,1
46,1,0,12,600,33.12,1656.0,1
17,0,6,0,82800,0.0,79736.4,0
87,2,0,10,7000,96.0,67200.0,1
3,1,3,0,20,0.0,10.4,0
3,1,3,0,60,0.0,114.0,0
3,1,3,0,60,0.0,2145.0,1
3,1,3,0,90,0.0,37.8,1
3,1,5,0,26,0.0,19.76,0
3,1,0,0,30,0.0,1563.3,1
3,1,3,0,30,0.0,155.4,1
3,1,3,0,40,0.0,70.8,0
3,1,3,0,180,0.0,102.6,1
3,1,5,0,5,0.0,92.3,0
3,1,0,0,56,0.0,141.68,1
3,1,3,0,168,0.0,15120.0,1
3,3,3,0,60,0.0,2.4,0
3,3,3,0,80,0.0,468.8,1
48,2,0,0,1,0.0,78000.0,1
7,2,0,0,3120,0.0,35256.0,0
0,1,1,0,18,0.0,94946.94,1
13,1,1,0,6,0.0,2298.24,0
25,1,14,0,60,0.0,206.4,1
25,1,3,0,3600,0.0,9000.0,0
1,1,25,50,50,2000.0,2000.0,0
4,1,1,0,300,0.0,1532331.0,1
12,0,6,0,103200,0.0,51084.0,0
0,1,0,0,8,0.0,67189.36,1
46,1,3,0,720,0.0,37699.2,0
3,1,0,0,120000,0.0,2193600.0,1
5,4,0,0,1,0.0,1488.6855,1
13,1,3,14,1574,42.84,4816.44,0
13,1,3,0,2400,0.0,720.0,1
21,3,3,0,900,0.0,324.0,1
8,1,0,0,18,0.0,20317.86,0
0,2,0,160000,160000,81600.0,81600.0,0
47,1,4,0,40,0.0,18034.4,1
4,1,15,0,20,0.0,3669.0,0
1,2,19,0,19,0.0,6749.9704,1
21,3,16,0,110,0.0,2352.9,1
44,3,3,0,1200,0.0,48.0,0
2,3,3,0,1200,0.0,552.0,0
50,1,3,0,3360,0.0,1747.2,0
13,3,3,0,300,0.0,1413.0,1
5,3,3,0,90,0.0,116.1,0
5,4,0,0,1,0.0,1488.6855,0
0,1,1,0,150,0.0,751951.5,0
3,1,3,0,60,0.0,38.4,0
1,1,23,0,90,0.0,2779.2,1
37,1,0,0,24,0.0,311930.16,0
12,0,2,0,30000,0.0,1800.0,1
3,1,1,0,30,0.0,4775.1,0
3,1,3,0,60,0.0,6120.0,1
3,1,1,0,262,0.0,2620.0,1
3,1,3,0,60,0.0,83.4,0
3,3,3,0,250,0.0,145.0,1
3,3,16,0,6,0.0,38.34,0
3,2,16,0,24,0.0,420.0,0
3,1,15,0,5,0.0,5098.6,0
3,1,16,0,2,0.0,75.86,1
3,1,3,0,96,0.0,23.04,1
3,0,6,0,6000,0.0,1440.0,0
32,1,1,0,42,0.0,124902.12,1
32,1,1,0,66,0.0,21007.8,1
3,1,16,0,22,0.0,65329.88,0
1,1,17,0,8,0.0,9322.8,1
1,1,1,0,70,0.0,670964.7,1
51,1,3,0,6000,0.0,18240.0,0
0,1,0,0,54,0.0,453528.18,0
6,1,1,0,700,0.0,922509.0,1
10,0,6,0,28800,0.0,12960.0,0
13,3,3,0,5100,0.0,7344.0,1
0,1,3,0,2100,0.0,289632.0,1
3,2,0,0,90,0.0,91.8,1
3,1,5,0,30,0.0,111.9,1
3,0,6,0,3600,0.0,216.0,1
10,0,6,0,24000,0.0,12000.0,1
1,3,3,2160,2160,10195.2,10195.2,1
7,0,6,0,45600,0.0,4104.0,1
0,1,3,0,720,0.0,99525.6,1
13,3,3,0,4500,0.0,11160.0,0
12,0,6,0,3000,0.0,210.0,0
12,0,6,0,52800,0.0,3801.6,0
52,1,16,0,10,0.0,1790.0,1
4,1,5,12,1440,2273.88,272865.6,0
3,0,0,0,84,0.0,2940.0,1
3,1,16,0,30,0.0,591.3,0
3,1,3,0,120,0.0,88.8,0
3,1,3,0,90,0.0,398.7,0
3,1,3,0,180,0.0,93.6,1
3,1,3,0,600,0.0,180.0,1
3,1,3,0,280,0.0,1590.4,1
3,1,0,0,56,0.0,141.68,0
3,3,3,0,180,0.0,207.0,1
3,3,3,0,180,0.0,142.2,1
3,3,3,0,28,0.0,44.52,1
27,1,1,8,12,107666.24,161499.36,1
27,1,1,12,16,645998.28,861331.04,1
37,1,3,0,26040,0.0,1781136.0,0
3,1,3,0,180,0.0,90.0,1
3,1,3,0,60,0.0,31.2,0
3,1,16,0,2,0.0,250.32,1
28,1,0,0,40,0.0,1136.4,1
53,1,0,0,120,0.0,1059.6,1
53,1,1,0,2,0.0,1348.0,0
53,1,1,0,1,0.0,10572.98,0
53,1,0,0,120,0.0,28.8,0
53,1,3,0,32,0.0,18.56,1
53,3,24,0,60,0.0,42.0,0
0,1,1,0,375,0.0,485520.0,0
27,1,1,0,48,0.0,305876.16,0
27,1,1,0,12,0.0,30587.52,0
53,3,3,0,200,0.0,116.0,0
13,1,1,0,468,0.0,332996.04,0
1,3,3,2700,2700,6642.0,6642.0,1
49,3,0,0,240,0.0,1694.4,0
46,1,3,0,360,0.0,18849.6,0
8,1,0,86,86,97074.22,97074.22,0
46,1,1,0,360,0.0,72363.6,1
53,3,5,0,28,0.0,204.12,1
53,3,3,0,168,0.0,183.12,1
5,0,6,0,72000,0.0,33120.0,1
5,0,6,0,124800,0.0,16224.0,1
54,1,0,0,120,0.0,1059.6,0
3,1,1,0,1,0.0,11917.34,0
3,1,5,0,270,0.0,264.6,1
53,1,3,0,60,0.0,4.2,0
53,1,3,0,70,0.0,7291.2,0
53,1,3,0,60,0.0,31.2,1
53,1,1,0,6,0.0,2298.24,0
53,3,3,0,210,0.0,231.0,0
3,2,16,0,5,0.0,87.5,1
3,1,16,0,1,0.0,37.93,1
3,1,0,0,630,0.0,11516.4,0
3,1,3,0,60,0.0,49.8,0
3,1,0,0,90,0.0,4450.5,0
3,1,1,0,7,0.0,2228.1,1
3,1,0,0,45,0.0,4436.1,0
3,1,5,0,30,0.0,553.8,1
3,1,5,0,15,0.0,161.4,0
3,1,3,0,140,0.0,266.0,1
3,3,3,0,800,0.0,32.0,1
3,3,3,0,900,0.0,522.0,1
0,1,3,0,360,0.0,49762.8,1
46,1,3,0,5040,0.0,263894.4,0
13,1,1,0,860,0.0,611915.8,1
37,1,3,0,45840,0.0,3135456.0,0
37,1,1,0,72,0.0,105773.04,0
55,1,1,210,236,156328.2,175683.12,0
46,1,0,0,3240,0.0,518043.6,1
21,3,3,0,1200,0.0,864.0,1
37,1,3,0,31800,0.0,2246034.0,1
41,2,0,0,12200,0.0,12673.36,0
56,2,0,75000,75000,49500.0,49500.0,0
34,2,0,225000,225000,135000.0,135000.0,0
27,1,1,0,6,0.0,38234.52,1
27,1,1,0,18,0.0,114703.56,1
0,1,3,15,315,2790.75,58605.75,0
0,1,1,0,9,0.0,75957.48,0
0,1,3,15,945,2790.75,175817.25,1
0,1,1,0,3,0.0,25319.16,0
49,3,0,0,60,0.0,423.6,0
53,1,3,0,60,0.0,7.2,1
53,1,5,0,120,0.0,91.2,1
53,1,3,0,120,0.0,39.6,0
53,3,3,0,90,0.0,123.3,0
53,3,5,0,28,0.0,204.12,0
53,1,4,0,60,0.0,2619.0,1
53,1,0,0,240,0.0,45.6,0
53,1,16,0,7,0.0,876.12,1
5,1,16,0,8,0.0,292.8,0
5,1,16,0,2,0.0,73.2,0
5,3,3,0,30,0.0,33.0,0
52,1,16,0,10,0.0,1790.0,1
4,1,5,0,1260,0.0,238757.4,1
57,1,1,0,160,0.0,279200.0,0
1,3,3,2700,2700,6642.0,6642.0,1
4,1,1,0,50,0.0,1842075.0,0
5,1,16,0,1,0.0,36.6,0
0,1,5,0,1620,0.0,45635.4,0
14,1,3,0,2408,0.0,1781.92,1
14,1,0,0,600,0.0,570.0,1
2,1,3,0,20280,0.0,5678.4,1
46,1,5,0,360,0.0,138024.0,1
27,1,1,0,18,0.0,114703.56,0
27,1,1,0,6,0.0,38234.52,1
22,1,0,0,50,0.0,322093.0,1
37,1,5,0,2160,0.0,152820.0,0
53,1,16,0,8,0.0,143.6,0
53,1,5,0,50,0.0,35.5,0
53,1,22,0,1,0.0,30.02,1
53,1,14,0,28,0.0,278.32,1
53,1,3,0,180,0.0,93.6,1
53,3,3,0,120,0.0,61.2,0
53,3,3,0,120,0.0,132.0,0
0,1,1,0,120,0.0,632979.6,1
14,1,3,0,2,0.0,1.48,0
53,1,3,0,30,0.0,2.1,1
53,1,3,0,100,0.0,38.0,1
53,1,5,0,40,0.0,2834.0,0
53,3,3,0,540,0.0,124.2,1
3,1,3,0,60,0.0,4.2,1
3,1,1,0,3,0.0,3953.61,1
3,0,6,0,4800,0.0,1152.0,1
58,1,0,0,72,0.0,836.64,0
88,1,3,0,1500,0.0,75.0,1
53,3,3,0,360,0.0,82.8,1
14,1,3,0,924,0.0,1903.44,0
14,1,3,0,1200,0.0,3168.0,1
14,1,0,600,600,756.0,756.0,0
14,1,15,170,170,1718.7,1718.7,1
0,1,3,28,1092,3139.36,122435.04,0
0,1,3,28,364,3139.36,40811.68,1
12,0,6,0,48000,0.0,2400.0,0
12,0,6,0,24000,0.0,3360.0,1
12,0,6,0,24000,0.0,2880.0,0
12,0,6,0,72000,0.0,30960.0,0
4,1,3,0,1624,0.0,340812.64,0
17,0,6,0,270000,0.0,5400.0,0
17,0,6,0,6000,0.0,120.0,1
17,0,6,0,72000,0.0,34560.0,1
2,3,3,12,2700,14.76,3321.0,1
2,3,3,0,3510,0.0,4527.9,0
2,1,16,0,180,0.0,7194.6,0
2,1,0,0,1820,0.0,5241.6,0
27,1,1,12,12,76469.04,76469.04,1
27,1,1,36,36,229407.12,229407.12,0
4,1,3,0,2100,0.0,562422.0,0
59,3,5,0,18900,0.0,15120.0,1
37,1,5,0,720,0.0,50940.0,1
6,7,1,0,120,0.0,168786.0,0
60,1,3,0,540,0.0,1042.2,1
13,1,1,0,32,0.0,58159.36,0
23,1,5,540,540,132775.2,132775.2,0
53,1,0,0,10380,0.0,187359.0,1
53,1,5,0,190,0.0,2044.4,0
4,1,3,0,168,0.0,285.609999696,0
0,1,1,0,150,0.0,155548.5,0
0,1,1,0,18,0.0,168172.2,0
0,1,3,0,2340,0.0,322732.8,1
4,1,1,0,72,0.0,115763.04,0
10,0,6,0,268800,0.0,134400.0,1
4,1,5,0,720,0.0,149443.2,0
22,1,3,28,196,51.8,362.6,1
58,1,1,0,6200,0.0,71300.0,0
17,0,2,0,270000,0.0,5400.0,1
53,1,4,0,120,0.0,974.4,1
53,1,3,0,60,0.0,11163.0,0
53,1,0,0,120,0.0,58989.6,1
53,0,6,0,6400,0.0,6144.0,0
54,1,5,0,120,0.0,46.8,0
2,1,3,0,1200,0.0,324.0,1
1,0,2,0,12000,0.0,1320.0,0
1,0,2,0,17400,0.0,1914.0,1
14,1,3,0,6,0.0,12.36,0
0,1,3,0,360,0.0,49651.2,0
32,1,4,0,320,0.0,797100.8,1
53,1,4,0,90,0.0,913.5,0
53,1,16,0,2,0.0,250.32,1
53,1,3,0,84,0.0,159.6,0
53,3,3,0,459,0.0,683.91,1
53,3,3,0,60,0.0,440.4,1
53,3,8,0,30,0.0,562.5,0
53,1,5,0,224,0.0,27144.32,1
53,3,0,0,30,0.0,211.8,0
53,3,5,0,56,0.0,408.24,0
53,3,3,0,180,0.0,82.8,0
14,1,16,0,110,0.0,9356.6,1
14,1,4,0,24,0.0,24264.72,0
4,1,3,0,2700,0.0,284202.0,1
13,1,3,600,600,864.0,864.0,1
1,1,1,24,24,229534.08,229534.08,1
1,1,1,0,72,0.0,688602.24,1
61,0,2,0,2050000,0.0,41000.0,0
54,1,1,0,10,0.0,170.6,0
54,1,22,0,7,0.0,210.14,1
54,1,5,0,270,0.0,264.6,0
54,1,3,0,20,0.0,92.0,0
54,1,3,0,140,0.0,22552.6,0
54,1,5,0,700,0.0,273.0,0
54,3,3,0,210,0.0,930.3,0
53,1,3,0,60,0.0,3.6,0
53,1,5,0,90,0.0,28563.3,0
53,1,1,0,28,0.0,20843.76,1
53,1,0,0,30,0.0,13.8,1
53,4,0,0,1,0.0,1301.65,0
53,2,0,0,270,0.0,143.1,0
53,1,4,0,10,0.0,101.5,1
53,1,0,0,14,0.0,253.82,1
53,1,18,0,5,0.0,265.9,0
53,1,15,0,2,0.0,366.9,0
10,0,6,0,38250,0.0,89122.5,0
12,0,6,0,12750,0.0,29707.5,1
14,1,3,0,1500,0.0,2445.0,1
14,1,3,0,900,0.0,819.0,0
14,1,3,0,1200,0.0,612.0,0
53,3,3,0,240,0.0,55.2,0
54,1,4,0,8,0.0,8088.24,0
54,1,1,0,285,0.0,31350.0,0
62,1,3,0,1140,0.0,10100.4,1
62,1,20,0,250,0.0,21497.5,0
48,2,0,1,1,78000.0,78000.0,1
53,1,3,0,168,0.0,27063.12,1
53,3,3,0,120,0.0,880.8,0
3,1,1,0,17,0.0,8980.76,1
3,1,1,0,47,0.0,60851.84,1
3,1,0,0,2,0.0,24263.58,1
3,1,1,0,7,0.0,257890.5,0
3,1,1,0,30,0.0,21345.9,1
3,1,1,0,8,0.0,2330.4,1
3,1,1,0,6,0.0,10904.88,0
3,1,0,0,200,0.0,5398.0,1
3,1,18,0,50,0.0,2659.0,0
3,1,1,0,300,0.0,33000.0,0
3,3,5,0,112,0.0,816.48,0
3,0,2,0,224000,0.0,4480.0,0
3,1,3,0,4200,0.0,287280.0,0
3,1,3,0,60,0.0,165.6,1
3,1,1,0,21,0.0,27675.27,0
3,1,3,0,120,0.0,195.6,0
3,1,0,0,1500,0.0,23550.0,0
3,1,0,0,120,0.0,114.0,1
3,1,16,0,6,0.0,109.56,1
3,1,3,0,28,0.0,2916.48,1
3,1,3,0,224,0.0,47008.64,0
3,3,3,0,120,0.0,1468.8,0
3,1,3,0,120,0.0,58.8,0
3,1,3,0,270,0.0,270.0,1
3,1,3,0,450,0.0,292.5,0
3,1,3,0,150,0.0,487.5,0
3,1,0,0,360,0.0,57560.4,1
3,1,0,0,400,0.0,776.0,0
3,1,3,0,180,0.0,72.0,1
3,1,0,0,60,0.0,5914.8,0
3,3,3,0,120,0.0,86.4,1
3,3,5,0,1200,0.0,2652.0,0
3,3,3,0,420,0.0,96.6,1
54,1,5,0,120,0.0,8500.8,1
54,1,1,0,1,0.0,666.0,0
54,1,5,0,15,0.0,276.9,0
54,3,3,0,100,0.0,4.0,0
54,3,3,0,84,0.0,92.4,1
0,1,3,0,360,0.0,49651.2,1
4,7,5,0,1250,0.0,2137.5,0
63,3,16,0,50,0.0,147.0,0
52,7,16,0,12,0.0,2148.0,0
46,1,1,480,480,96484.8,96484.8,0
4,1,1,0,109,0.0,555509.78,1
13,1,3,0,600,0.0,864.0,0
53,2,16,0,29,0.0,507.5,1
53,1,16,0,12,0.0,1013.52,0
53,1,0,0,130,0.0,12815.4,0
53,1,5,0,90,0.0,1661.4,1
53,1,1,0,1,0.0,383.04,1
53,3,3,0,30,0.0,1570.8,1
53,3,3,0,60,0.0,440.4,1
53,0,2,0,30000,0.0,1800.0,0
64,0,6,0,250,0.0,582.5,0
54,1,5,0,120,0.0,8500.8,0
37,7,1,0,390,0.0,593463.0,0
37,7,1,0,130,0.0,197821.0,1
37,7,1,0,390,0.0,593463.0,0
37,7,1,0,390,0.0,593463.0,1
37,7,1,0,390,0.0,593463.0,1
10,0,6,0,250,0.0,582.5,1
54,1,0,0,32,0.0,82.88,1
54,1,3,0,30,0.0,35.1,0
54,1,0,0,20,0.0,1971.6,0
54,3,3,0,120,0.0,222.0,1
8,1,8,0,180,0.0,3016.8,0
53,1,17,0,3,0.0,7664.79,0
53,1,16,0,2,0.0,36.52,0
53,1,3,0,360,0.0,49651.2,0
53,3,3,0,90,0.0,117.0,1
53,3,8,0,60,0.0,928.8,0
45,1,5,0,1100,0.0,1870.0,1
45,1,5,756,2240,363008.52,1075580.8,1
46,1,24,360,360,14126.4,14126.4,0
50,1,1,54,54,57267.0,57267.0,1
53,1,0,0,60,0.0,837.0,1
53,1,3,0,28,0.0,2916.48,0
53,1,3,0,42,0.0,8814.12,0
53,1,0,0,56,0.0,161.28,0
53,1,3,0,90,0.0,24103.8,1
53,1,1,0,4,0.0,4150.8,1
53,3,3,0,660,0.0,151.8,1
53,0,6,0,36800,0.0,18032.0,1
53,0,6,0,7200,0.0,3528.0,0
53,0,26,0,5,0.0,343.05,1
53,2,0,0,56,0.0,58.8,1
53,1,0,0,15,0.0,172.2,0
53,0,6,0,1600,0.0,784.0,1
53,0,6,0,8000,0.0,1120.0,0
54,2,0,0,97,0.0,101.85,1
54,2,27,0,150,0.0,280.5,1
54,1,3,0,180,0.0,33489.0,1
54,3,3,0,60,0.0,12.6,1
54,3,0,0,90,0.0,898.2,1
54,3,5,0,180,0.0,397.8,1
54,3,8,0,30,0.0,196.8,1
53,1,0,0,240,0.0,1327.2,1
53,1,3,0,180,0.0,24825.6,0
0,1,16,0,60,0.0,310628.4,1
66,1,1,0,150,0.0,47997.0,0
4,1,17,0,83,0.0,211587.75,1
4,1,3,0,1080,0.0,116910.0,0
67,1,10,0,504,0.0,66507.84,0
67,1,3,42,546,6055.14,78716.82,0
67,1,3,0,3920,0.0,21638.4,1
68,1,1,0,5138,0.0,565180.0,0
69,1,3,0,9000,0.0,5220.0,1
28,1,0,0,1800,0.0,45270.0,0
4,1,5,0,1680,0.0,318343.2,1
66,1,3,0,600,0.0,21658.02,1
66,1,3,0,2100,0.0,1113.0,1
66,1,3,0,940,0.0,1485.2,1
66,1,16,0,340,0.0,3253.8,1
66,3,3,0,4500,0.0,2100.15,0
66,3,3,0,6480,0.0,3650184,0
46,1,3,840,840,43982.4,43982.4,1
53,1,0,0,1650,0.0,23017.5,1
53,1,3,0,140,0.0,29380.4,1
53,1,5,0,190,0.0,2044.4,1
53,3,0,0,210,0.0,2095.8,1
4,1,1,0,58,0.0,93253.56,0
53,1,5,0,100,0.0,79.0,0
53,1,4,0,2,0.0,901.88,1
53,1,1,0,1,0.0,9342.9,1
1,1,3,0,60000,0.0,4182600.0,1
50,1,15,0,490,0.0,25235.0,0
50,1,0,0,20,0.0,7435.6,1
21,1,3,0,7200,0.0,7344.0,0
54,1,16,0,25,0.0,50717.5,1
54,1,1,0,13,0.0,121457.7,1
0,1,1,0,1090,0.0,1368527.7,1
70,2,0,0,160000,0.0,70400.0,0
53,7,16,0,6,0.0,1074.0,1
53,1,1,0,28,0.0,36900.36,0
53,1,1,0,16,0.0,27626.56,1
53,1,0,0,1320,0.0,17780.4,1
53,1,3,0,28,0.0,2916.48,1
53,1,4,0,15,0.0,6764.1,0
53,1,3,0,120,0.0,16.8,1
53,1,3,0,600,0.0,42378.0,0
53,1,5,0,84,0.0,40334.28,0
53,1,5,0,30,0.0,322.8,0
53,3,3,0,81,0.0,120.69,1
53,3,0,0,120,0.0,1197.6,0
53,3,3,0,364,0.0,152.88,1
71,3,3,0,900,0.0,378.0,1
69,1,10,360,360,720.0,720.0,0
53,1,0,0,22,0.0,593.78,0
53,1,5,0,30,0.0,322.8,1
13,1,0,0,470,0.0,48790.7,0
24,1,0,0,2,0.0,504532.86,1
24,1,0,0,3,0.0,749469.06,0
53,1,0,0,9,0.0,242.91,1
53,0,6,0,8400,0.0,4116.0,1
53,2,0,0,60,0.0,627.6,1
53,1,4,0,16,0.0,8657.76,0
53,1,0,0,20,0.0,539.8,0
53,1,0,0,28,0.0,43.4,0
72,1,3,0,1500,0.0,150.0,1
4,1,3,0,210,0.0,390142.2,0
53,7,16,0,15,0.0,2685.0,1
53,1,23,0,2,0.0,70.0,1
53,3,0,0,30,0.0,299.4,1
70,2,0,0,320,0.0,1600.0,0
53,1,1,0,84,0.0,803882.52,1
39,2,0,0,12000,0.0,3240.0,1
12,0,6,0,14400,0.0,15696.0,1
12,0,6,0,57600,0.0,8064.0,1
12,0,6,0,38400,0.0,9216.0,1
53,4,0,0,1,0.0,10571.43,1
53,1,3,0,600,0.0,1992.0,1
53,1,0,0,84,0.0,141.96,1
45,1,5,0,336,0.0,40716.48,0
53,7,5,0,600,0.0,1026.0,1
53,3,0,0,60,0.0,598.8,1
33,1,5,0,168,0.0,40686.24,1
10,0,6,0,19200,0.0,921.6,0
22,1,1,0,4,0.0,1188611.32,0
12,0,6,0,57600,0.0,14112.0,0
53,1,1,0,94,0.0,863941.78,0
73,1,3,0,60,0.0,11.4,1
4,1,16,0,6,0.0,270.96,1
53,2,0,0,98,0.0,153.86,0
53,1,3,0,240,0.0,16725.6,1
53,1,3,0,1000,0.0,740.0,0
53,1,3,0,360,0.0,190.8,0
53,1,3,0,120,0.0,22326.0,1
53,1,0,0,112,0.0,322.56,0
53,1,3,0,100,0.0,19.0,0
53,1,3,0,28,0.0,154.56,0
53,1,3,0,240,0.0,16951.2,0
53,3,3,0,112,0.0,137.76,0
53,3,5,0,120,0.0,96.0,0
53,3,3,0,81,0.0,120.69,0
53,3,3,0,210,0.0,270.9,1
53,3,0,0,30,0.0,299.4,0
53,3,3,0,180,0.0,84.6,1
53,3,3,0,1500,0.0,840.0,0
74,0,6,9600,9600,8736.0,8736.0,0
74,0,2,360000,360000,9540.0,9540.0,1
12,0,6,0,12600,0.0,13797.0,0
12,0,6,0,28800,0.0,13824.0,0
53,1,16,0,2,0.0,22.8,0
53,1,4,0,1,0.0,450.94,0
53,1,16,0,2,0.0,363.4,1
53,3,3,0,280,0.0,344.4,0
53,0,6,0,12400,0.0,6076.0,1
45,1,5,0,720,0.0,51444.0,1
53,1,4,0,2,0.0,901.88,0
53,1,0,0,2,0.0,2117.42,1
53,3,3,0,200,0.0,54.0,1
53,1,3,0,168,0.0,319.2,0
53,3,3,0,56,0.0,25.2,0
53,3,3,0,100,0.0,27.0,1
53,1,3,0,600,0.0,41814.0,1
53,1,1,0,28,0.0,36900.36,1
53,1,3,0,120,0.0,136.8,0
53,1,0,0,4,0.0,1487.12,1
53,0,6,0,24000,0.0,11760.0,0
53,1,0,0,32,0.0,82.88,1
53,1,1,0,42,0.0,55350.54,0
53,1,3,0,30,0.0,34.2,0
53,0,6,0,2500,0.0,5675.0,1
12,0,6,0,3600,0.0,765.0,0
12,0,2,0,180000,0.0,18936.0,1
12,0,6,0,9600,0.0,1392.0,0
12,0,6,0,28800,0.0,14207.04,1
12,0,6,0,24000,0.0,7032.0,1
4,1,3,0,360,0.0,115423.2,1
45,1,1,0,18,0.0,210781.44,0
22,1,0,0,96,0.0,499138.56,0
0,1,5,0,540,0.0,15417.0,1
0,1,0,0,37,0.0,313089.93,1
0,1,5,0,1890,0.0,53959.5,1
0,1,16,0,100,0.0,522773.0,1
22,1,24,2640,2640,53724.0,53724.0,1
53,1,3,0,90,0.0,16744.5,0
53,1,3,0,540,0.0,178.2,1
53,3,3,0,150,0.0,372.0,1
53,3,5,0,120,0.0,265.2,0
0,1,0,0,8,0.0,68441.28,1
50,1,0,0,18,0.0,238306.32,0
9,1,1,0,63,0.0,6615.0,0
4,1,3,0,720,0.0,129463.2,0
53,2,0,0,3,0.0,117.0,1
53,1,3,0,330,0.0,108.9,1
0,1,5,0,540,0.0,16081.2,0
53,1,3,0,60,0.0,68.4,0
53,1,0,0,12,0.0,137.76,0
53,1,0,0,168,0.0,278.88,0
53,1,16,0,3,0.0,119.91,1
53,3,3,0,180,0.0,446.4,1
53,3,3,0,28,0.0,10.36,0
53,3,3,0,180,0.0,232.2,1
53,3,0,0,60,0.0,308.4,1
16,3,3,15000,15000,31050.0,31050.0,0
0,1,1,0,18,0.0,95874.66,1
4,1,1,0,140,0.0,225094.8,1
4,1,3,0,720,0.0,38959.2,0
4,1,3,0,360,0.0,64731.6,0
66,1,16,0,100,0.0,2116.0,0
66,1,1,130,230,33797.4,59795.4,0
0,1,1,18,18,95874.66,95874.66,0
66,1,3,450,450,175.5,175.5,1
66,1,0,30,7980,44.1,11730.6,0
66,1,0,0,330,0.0,676.5,1
66,1,0,0,240,0.0,309.6,1
66,1,3,0,600,0.0,234.0,0
33,1,0,0,184,0.0,3514.4,0
33,1,4,0,120,0.0,5238.0,0
67,1,10,0,672,0.0,90202.56,1
66,3,3,2100,2100,6768.93,6768.93,0
66,1,3,0,924,0.0,2624.16,1
66,3,3,0,2700,0.0,702.0,1
66,1,0,390,1200,1462.5,4500.0,0
66,1,3,1728,1728,3317.76,3317.76,0
76,1,17,0,30,0.0,29594.7,1
76,1,17,0,30,0.0,36369.9,1
76,3,3,0,720,0.0,4341.6,0
76,1,17,0,112,0.0,137277.28,1
4,1,18,0,360,0.0,16182.0,1
4,1,16,10,10,772.0,772.0,1
0,1,5,0,1620,0.0,46251.0,1
0,1,5,0,1890,0.0,53959.5,1
21,3,3,0,1800,0.0,4392.0,1
77,1,0,0,1200,0.0,1956.0,1
45,1,3,0,6900,0.0,40089.0,1
50,1,3,0,3000,0.0,10500.0,0
45,1,24,1440,1440,56692.8,56692.8,1
67,1,10,0,504,0.0,68392.8,0
67,1,3,0,84,0.0,12363.96,1
67,1,3,0,546,0.0,80365.74,0
4,1,3,0,360,0.0,38545.2,0
21,1,3,0,180,0.0,8456.4,0
4,1,17,0,34,0.0,87521.44,0
45,1,5,0,360,0.0,77353.2,0
45,1,5,0,180,0.0,15699.6,1
4,1,3,1080,1080,116910.0,116910.0,1
4,3,3,0,1620,0.0,2559.6,1
4,1,3,0,360,0.0,38970.0,0
4,1,3,0,720,0.0,77090.4,1
45,1,0,0,1,0.0,773.8,0
66,1,0,0,600,0.0,480.0,1
66,1,3,0,480,0.0,5673.6,0
66,3,3,1470,2880,1866.9,3657.6,0
66,1,3,540,540,1548.18,1548.18,0
66,1,1,6,6,822.0,822.0,1
78,3,0,240,240,1732.8,1732.8,0
79,1,3,0,1200,0.0,744.0,1
79,1,5,0,600,0.0,2544.0,1
79,3,3,0,300,0.0,5439.0,0
13,1,0,0,70,0.0,65099.3,0
22,1,5,0,360,0.0,75729.6,0
77,1,8,0,1080,0.0,3682.8,0
50,1,1,0,7,0.0,78667.26,1
14,1,0,0,728,0.0,10905.44,0
4,1,3,0,364,0.0,38562.16,0
4,1,17,0,22,0.0,57255.66,0
4,1,3,0,1080,0.0,116910.0,0
4,1,17,6,6,15615.18,15615.18,1
4,1,3,0,720,0.0,3938.4,0
4,1,3,360,360,38970.0,38970.0,0
20,1,0,0,170,0.0,16107.5,1
0,1,3,0,1500,0.0,1410.0,1
0,1,0,0,16,0.0,136882.56,0
0,1,5,0,1620,0.0,46753.2,0
4,1,16,0,16,0.0,732.32,1
4,3,5,0,360,0.0,2055.6,1
4,1,3,0,720,0.0,77940.0,0
76,1,0,0,18,0.0,43261.56,0
76,1,1,0,34,0.0,330951.24,0
66,1,16,0,50,0.0,1449.5,1
66,3,0,0,300,0.0,276.0,1
66,3,3,10,1200,10.9,1308.0,1
66,3,5,0,1500,0.0,2760.0,0
66,1,3,0,1500,0.0,7440.0,0
66,1,3,1200,1200,1164.0,1164.0,1
77,1,0,0,180,0.0,1015.2,1
22,1,1,24,24,108409.2,108409.2,1
22,3,5,196,196,1777.72,1777.72,0
53,1,1,0,1,0.0,528.28,0
53,1,1,0,3,0.0,2134.59,1
53,1,4,0,4,0.0,4044.12,0
53,1,1,0,1,0.0,856.74,1
53,1,1,0,22,0.0,22829.4,1
45,1,5,0,360,0.0,76561.2,1
4,1,17,0,22,0.0,57255.66,0
4,1,3,0,910,0.0,38820.6,1
4,1,3,0,360,0.0,116694.0,0
24,1,1,0,5,0.0,1043907.29,1
53,1,5,0,28,0.0,1512.84,0
53,1,0,0,56,0.0,92.96,0
74,0,2,630000,630000,17073.0,17073.0,0
74,0,6,14400,14400,1296.0,1296.0,0
74,0,6,64800,64800,8145.36,8145.36,0
74,0,2,180000,180000,6354.0,6354.0,0
28,1,0,0,40,0.0,1288.0,0
12,0,6,0,45600,0.0,11094.48,1
12,0,6,0,9600,0.0,4608.0,1
12,0,6,0,48000,0.0,21868.8,0
12,0,6,0,43200,0.0,10294.56,0
12,0,6,0,50400,0.0,6552.0,0
12,0,6,72000,72000,5947.2,5947.2,1
12,0,6,0,43200,0.0,5270.4,1
12,0,6,0,62400,0.0,8424.0,0
4,1,16,0,10,0.0,423.2,1
0,1,5,0,810,0.0,24121.8,1
66,1,0,2460,2460,797827.2,797827.2,1
82,1,0,360,360,3178.8,3178.8,1
77,3,5,0,800,0.0,6720.0,1
79,1,3,840,840,84.0,84.0,1
22,3,5,0,196,0.0,1777.72,1
20,1,0,0,100,0.0,62500.0,1
0,1,10,0,378,0.0,80661.42,1
0,1,5,0,3510,0.0,101298.6,1
0,1,0,8,8,68441.28,68441.28,1
0,1,5,3510,3510,101298.6,101298.6,1
0,1,0,16,16,136882.56,136882.56,0
66,1,3,1440,1440,2145.6,2145.6,1
66,3,3,5100,5100,8874.0,8874.0,1
66,1,0,900,900,826.47,826.47,0
66,1,3,2400,2400,2112.0,2112.0,0
66,1,3,1350,1350,1309.5,1309.5,1
9,1,1,0,6,0.0,51000.0,0
77,1,3,600,600,8490.0,8490.0,0
66,1,3,0,90,0.0,1053.0,0
45,1,0,126,126,93045.96,93045.96,0
83,1,0,2600,2600,5096.0,5096.0,0
22,3,5,0,196,0.0,1758.12,1
22,1,5,1080,1080,419893.2,419893.2,0
58,1,5,45,45,8588.25,8588.25,0
84,1,16,130,130,11165.7,11165.7,1
85,1,1,180,180,11113.2,11113.2,0
85,1,5,225,225,33300.0,33300.0,0
85,1,5,30,30,7500.0,7500.0,1
85,1,5,130,130,1196.0,1196.0,1
66,1,3,600,600,270.0,270.0,1
66,1,3,1440,1440,3484.8,3484.8,0
66,1,3,560,560,700.0,700.0,1
66,1,0,600,600,348.0,348.0,0
53,1,5,0,180,0.0,15699.6,1
53,1,1,0,4,0.0,1024.6,1
53,1,3,0,240,0.0,1394.4,0
53,3,3,0,60,0.0,148.8,1
53,3,3,0,180,0.0,284.4,0
53,0,6,0,19200,0.0,864.0,1
0,1,0,0,8,0.0,67695.12,0
53,2,0,0,3,0.0,117.0,1
45,1,5,360,360,74448.0,74448.0,1
66,1,3,300,300,420.0,420.0,0
66,1,3,900,900,873.0,873.0,0
66,1,3,960,960,1449.6,1449.6,0
66,1,3,576,576,2321.28,2321.28,1
66,1,16,70,70,370.3,370.3,0
66,1,3,450,450,175.5,175.5,0
66,3,3,600,600,1404.0,1404.0,0
66,3,3,1800,1800,2592.0,2592.0,1
66,1,3,900,900,864.0,864.0,1
66,1,3,900,900,1260.0,1260.0,0
66,1,3,840,840,1612.8,1612.8,1
66,1,3,600,600,751.98,751.98,1
45,1,3,900,900,22707.0,22707.0,1
79,1,3,1500,1500,150.0,150.0,0
79,1,3,2100,2100,158.76,158.76,1
79,1,16,0,110,0.0,1206.7,0
79,1,16,20,30,355.2,532.8,1
79,1,0,980,980,1940.4,1940.4,0
79,1,15,0,10,0.0,202.5,0
79,3,3,2040,2940,693.6,999.6,0
28,1,0,0,2100,0.0,52836.0,0
28,1,0,0,3300,0.0,80388.0,0
4,1,5,0,56,0.0,10611.44,0
53,1,3,0,300,0.0,1488.0,1
53,1,16,0,4,0.0,22.8,0
53,1,1,0,2,0.0,1423.06,0
53,1,0,0,120,0.0,322.8,0
53,1,4,0,1,0.0,450.94,0
53,1,3,0,60,0.0,6472.2,1
53,1,0,0,870,0.0,1278.9,1
53,1,0,0,100,0.0,10360.0,0
53,3,3,0,60,0.0,5.4,0
53,3,3,0,120,0.0,154.8,1
53,3,3,0,270,0.0,78.3,1
76,1,5,0,720,0.0,239054.4,0
76,1,1,0,60,0.0,351466.8,1
76,1,1,0,60,0.0,344271.6,1
67,1,3,294,294,42385.98,42385.98,0
67,1,3,546,546,78716.82,78716.82,1
4,1,17,0,12,0.0,31230.36,0
4,1,3,1080,1080,297453.6,297453.6,0
4,1,3,180,180,58347.0,58347.0,0
4,1,10,0,360,0.0,176691.6,0
53,2,0,0,100,0.0,27.0,1
53,1,3,0,80,0.0,7.2,1
53,1,3,0,84,0.0,463.68,1
53,1,5,0,168,0.0,80668.56,0
53,1,3,0,420,0.0,57926.4,0
53,3,3,0,30,0.0,2.7,1
45,1,5,0,21,0.0,13021.05,0
86,0,6,0,76800,0.0,9392.64,1
